text,label
LeBron is the most overrated player in NBA history. Jordan did it with less help and no super teams.,hot_take
He said let me drop 50 on a Tuesday night just because. Absolutely elite.,reaction
Kevin Durant is the greatest offensive player ever. Not top 5 — the greatest. Nobody debates this enough.,hot_take
"Giannis dunks on 31% of his shot attempts inside 5 feet — highest in the league. It's not brute force, it's positioning: he gets to the dunker spot more than anyone.",analysis
The Knicks' clutch net rating (+7.2) is driven almost entirely by Brunson — they're -1.4 when he sits in the final 5 minutes.,analysis
"Miami's regular season decline doesn't change their playoff track record. Their average seeding in the last 5 playoff appearances is 5.2, but they've reached the Finals twice.",analysis
They really did that. They REALLY did that. I don't even have words.,reaction
Lonzo Ball would have been a top-10 player if he stayed healthy. The biggest what-if in the league.,hot_take
The Clippers will never win because they're cursed. There's no other explanation.,hot_take
Everyone in this thread said we'd lose. Say something now. I'll wait.,reaction
Jaren Jackson Jr's defensive versatility (guarding 1-5) is supported by his opponent FG% by position: under league average at every spot.,analysis
The NBA's increasing 3-point volume is not just stylistic — teams in the top quartile of 3PA per game have won 68% of playoff series over the last 8 years.,analysis
"Historically, rookies who post 35%+ assist rate AND sub-15% turnover rate in Year 1 make an All-Star team within 4 years. Wemby qualifies.",analysis
"The Warriors shot 40.2% from three in their championship years. They're currently at 36.8%. The gap is mostly explained by Klay's decline, not the system.",analysis
He is NOT human. I refuse to believe that. Not possible.,reaction
Chris Paul is the most overrated 'winner' in NBA history. He made teams worse in the clutch.,hot_take
OKC is going to win multiple championships this decade. They have the best young core in the history of the draft.,hot_take
DeMarcus Cousins with healthy knees is a top-5 center all time. The injuries robbed us of a legend.,hot_take
Paul George has choked in every big moment of his career. He's allergic to winning.,hot_take
Russell Westbrook was never actually elite. His stats were empty and he cost teams games.,hot_take
"Tatum shoots 38.2% on mid-range jumpers, which is actually elite — the league average is 34.8%. The criticism of his shot selection ignores the quality.",analysis
lmaooo this team 💀💀💀 absolutely cooked,reaction
He just ended that man's career with that dunk. SHEESH.,reaction
Goosebumps. Actual goosebumps. From a regular season game.,reaction
We're built different. I said it. This team is BUILT DIFFERENT.,reaction
Zion's BMI-adjusted explosiveness metrics rank him historically — no player at his listed weight has posted his athleticism scores in the combine era.,analysis
"Harden in his prime was unstoppable. The hate is driven by aesthetics, not results.",hot_take
"The reason Golden State struggles in the clutch is fourth-quarter opponent FG% against them is 48.1%, 5th highest allowed. The defense falls apart late.",analysis
"Kyrie Irving is the most skilled player to ever play in the NBA. Not the best, but the most skilled.",hot_take
Zero chill in this arena tonight. The energy is INSANE.,reaction
The Lakers rank 28th in transition offense this season. LeBron's decline in burst speed is the most measurable factor — his transition scoring is down 40% from 2018.,analysis
This fanbase deserves a championship so badly it hurts. We've waited so long.,reaction
Zion Williamson is a bust. He had two years to get in shape and didn't do it.,hot_take
KD's true shooting percentage of 64.1% this season is the highest ever recorded for a wing player with >20 shots per game.,analysis
"Looking at VORP per 36 minutes, Jalen Brunson is having one of the top-20 individual seasons by a guard in the last decade.",analysis
CP3's assist-to-turnover ratio of 5.8:1 this season is the best in the league for any player averaging 8+ assists.,analysis
"Tatum is going to win 4 championships. He's the next LeBron, just wait.",hot_take
Indiana's offensive system is built around transition — they rank 2nd in transition frequency and 1st in transition PPP. Slowing them down forces them into a less comfortable half court.,analysis
DeRozan is criminally underrated. He should have been an All-Star 7 times by now.,hot_take
The Knicks are going to win the championship within 3 years. The culture is completely different now.,hot_take
Curry's off-ball movement generates 3.2 open catch-and-shoot looks per game for teammates even when he doesn't take the shot himself.,analysis
Ugh I have to be at work in 5 hours and I cannot stop watching highlights.,reaction
Bro the vibes in that arena 👀👀 you can feel it through the screen.,reaction
"Denver's drop coverage gives up 42.5% on corner 3s, worst in the league. Teams have started targeting it — their DRTG has fallen 4 points in the last 20 games.",analysis
Called it. Called it weeks ago. Nobody believed me. I CALLED IT.,reaction
The NBA MVP award is completely political. Media narratives drive it more than actual performance.,hot_take
"The Heat's playoff culture isn't a myth — their series win rate as an underdog since 2010 is 61%, compared to 38% for the league average.",analysis
Chicago's defensive improvement tracks almost perfectly with Ayo Dosunmu's minutes increase. He grades out as a top-20 defender by EPM.,analysis
Victor Wembanyama is going to make us forget about every other prospect ever. Unprecedented.,hot_take
The way I screamed at that block... my roommate came running in thinking I was hurt.,reaction
Reggie Miller is the greatest Knicks villain in history and the NBA needs more of that energy.,hot_take
WHAT DID I JUST WATCH. That buzzer beater was absolutely insane.,reaction
"Looking at TS% adjusted for era, Shaq in his prime was more efficient than any center since. The foul-drawing alone accounts for 4 extra points per 36.",analysis
Ok I need everyone to calm down. Including myself.,reaction
New York's playoff experience this year will matter: 7 of their top 8 players have zero playoff minutes. Teams with that profile historically underperform seed by 1.2 rounds.,analysis
Buzzer beaters like that are why we watch sports. That's IT. That's the whole reason.,reaction
Crying in the club rn (the club is my couch at 11pm),reaction
Washington's salary cap situation leaves them 0 flexibility through 2026 — the Beal contract was the most impactful single roster decision of the decade for them.,analysis
The Utah Jazz had the most boring dynasty in NBA history and nobody talks about it.,hot_take
This game is going to give me a heart attack and I wouldn't have it any other way.,reaction
Draymond Green is not a Hall of Famer. A player who can't score is not a Hall of Famer.,hot_take
Memphis's injury luck this season is measurably the worst in the league by games-above-replacement lost (47.3 GARs lost vs league average of 18.2).,analysis
Load management is ruining the regular season. Stars should play 70+ games or get fined.,hot_take
Minnesota's pace ranks 27th but their half-court offense ranks 4th by PPP. They're deliberately slow because they're better that way.,analysis
REPEAT MODE. REPEAT MODE. REPEAT MODE.,reaction
"The All-Star game viewership decline tracks almost perfectly with the game's net rating explosion — when scores are 211-186, casual fans tune out.",analysis
How do you give up 40 in the fourth. HOW. Someone explain.,reaction
Devin Booker is a top-5 player in the league and nobody respects him because he's not on ESPN every night.,hot_take
Kawhi Leonard is the most overrated superstar of this generation given his injury history.,hot_take
Carmelo Anthony deserved a championship. He was robbed by bad teammates and bad coaching.,hot_take
The fact that I'm even watching this in the fourth quarter shows how much I love this team.,reaction
That's top 10 plays of the year and it's February. What a time to be alive.,reaction
The Warriors 73-9 team was better than the '96 Bulls. It's not even a debate if you watch the film.,hot_take
The NBA should go back to hand-checking rules. Modern players couldn't handle real defense.,hot_take
"Anthony Davis has a defensive RAPTOR of +4.1 when healthy, which would rank him top-3 in the league. The 'soft' narrative ignores the numbers.",analysis
Karl-Anthony Towns has the highest 3-point percentage among centers who also average 8+ rebounds (41.3%). The position comparison is skewed by unicorns like him.,analysis
Dirk Nowitzki is the most underrated champion ever. He gets nowhere near enough credit.,hot_take
Embiid's scoring average drops 6.2 points per game in playoff series that go 6+ games. Small sample but the pattern is consistent over 5 years.,analysis
Wembanyama is already better than Giannis and it's not close.,hot_take
The arena just lost its mind. I've never heard anything like that.,reaction
The league-wide free throw rate decline (FTA/FGA) is 11% lower than 2017. Rule enforcement changes explain approximately 60% of the drop by regression analysis.,analysis
The Lakers will never win another championship with LeBron. His time is done.,hot_take
The Clippers' offensive efficiency with Kawhi on the floor is 118.3. Without him: 109.7. That 8.6 point gap is larger than most star players generate.,analysis
Joel Embiid's points per shot attempt (1.31) leads all players with 400+ shot attempts this season. The efficiency criticism doesn't hold up to volume-adjusted analysis.,analysis
I've been a fan for 20 years and I've never seen anything like that.,reaction
Tim Duncan is the most underrated top-5 player ever. Nobody talks about him enough.,hot_take
"The Bucks' bench unit has a -4.2 net rating this season, which is the primary reason they rank 9th despite having the 4th-best starting five.",analysis
That fourth quarter was a masterclass in how to blow a lead. Incredible. In the bad way.,reaction
"OKC's turnover rate is 11.2%, lowest in the league. Shai's 1.4 turnovers per game despite handling 30%+ of possessions is the anchor.",analysis
Dead. I am dead. Bury me in my team's jersey.,reaction
The disrespect on that pass. Put that man in the hall of fame RIGHT NOW.,reaction
The Miami Heat culture thing is a myth. They got lucky with LeBron and Spoelstra gets too much credit.,hot_take
"The ref bias data (home team FTA advantage) has shrunk from 3.2 to 1.8 over 10 years. The home court advantage is declining, which tracks with empty-arena COVID data.",analysis
"Victor Wembanyama's gravity is measurable: the Spurs' 3-point rate for other players has increased 12% since he joined, because defenses collapse on him.",analysis
The play-in tournament ruined the integrity of the playoffs. It's a gimmick.,hot_take
"The Celtics' net rating with Brown and Tatum both on court is +9.1 this season, which would rank 3rd all-time for a duo.",analysis
"Dame Lillard's shot quality has declined — his average shot distance is down, but his percentage on those shots is also down. It's not just volume.",analysis
That's the most painful loss I've experienced as a fan in 10 years.,reaction
We did NOT just lose that game. I refuse. I am in denial.,reaction
Sir that was a travel and the whole world can see it.,reaction
I swear if they blow this lead I'm not watching basketball for a month.,reaction
That halftime score has me nervous. Really nervous.,reaction
My heart rate has not recovered and the game ended 2 hours ago.,reaction
Jaylen Brown's defensive rating when guarding the opposing team's best scorer is 101.3 — that's All-Defensive team territory by any reasonable metric.,analysis
I'm crying actual tears right now. Historic moment.,reaction
I literally cannot type I'm shaking. THAT COMEBACK.,reaction
That poster dunk just broke the internet. OMG.,reaction
Lauri Markkanen's mid-range game (47.2%) is actually more efficient than his 3-point shooting (38.1%) given the shot distances. Utah is right to run more mid-range sets.,analysis
"The Chicago Bulls will be relevant again within 5 years. The talent is there, they need a coach.",hot_take
That's a top-5 performance I've ever watched in real time. I'm so lucky.,reaction
The NBA is unwatchable right now. Nobody moves the needle like Kobe did.,hot_take
Vince Carter had the most pure athleticism of any player ever. Nobody was doing what he did at that age.,hot_take
"Paolo Banchero's post-up efficiency (1.02 PPP) is 15th in the league among players with 100+ post-up possessions. For a 21-year-old, that's top-5 historically.",analysis
Jokic has led the league in hockey assists (passes leading to assists) for 3 straight seasons. His impact is systematically undercounted.,analysis
"Ant Edwards's step-back 3 accuracy (38.9%) from beyond 28 feet is top-5 in the league. His shot making at range is legitimate, not volume-chasing.",analysis
The NBA draft lottery is rigged. Too many convenient outcomes for too many big markets.,hot_take
Kyrie Irving's stepback is the most unguardable move in NBA history. Jordan wishes he had it.,hot_take
The 90s NBA was way more competitive than today. These players couldn't survive the physicality.,hot_take
It's giving dynasty. It's giving unbeatable. It's giving CHAMPIONS.,reaction
Ok I'm not sleeping tonight after that ending. What a game.,reaction
"Toronto's rebuild timeline: their youngest core (Barrett, Quickley, Scottie) have a combined age of 71. That's the 3rd youngest top-3 by minutes in the league.",analysis
Historic night. I can't believe I got to watch that live.,reaction
NOOOOOO HOW DID HE MISS THAT. I'm going to throw my remote.,reaction
I literally jumped off my couch. My neighbors must think I'm insane.,reaction
The Dallas Mavericks are going to the Finals this year. Nobody is stopping Luka on his home floor.,hot_take
Real ones know what this win means. The vibe shift is REAL.,reaction
The slowmo replay of that shot is going to live in my head forever.,reaction
"Ja Morant is going to be better than Steph Curry by 2027, book it.",hot_take
Boston's 3-point volume (47.3 attempts per game) is highest all-time. It's not just style — their corner 3 accuracy (41.2%) is what makes it sustainable.,analysis
The draft analytics on wing defenders suggest teams systematically overvalue scoring and undervalue switchability. Historical data shows defenders with 20%+ steal+block rate hit at twice the rate of scorers.,analysis
Wait... we actually might be okay. I'm cautiously feeling it again.,reaction
"LeBron's 40+ year old comparables: Kareem, Vince Carter. Neither averaged 25-7-7 at 39. The longevity is genuinely unprecedented.",analysis
LeBron's legacy is permanently tainted by the 2011 Finals. He choked when it mattered most.,hot_take
Draymond Green's on/off differential for GSW defensive rating this season is +6.1. He's 35 and still the most impactful defender on a playoff team.,analysis
Bro I can't. I CANNOT. This is too much for my heart.,reaction
The Sacramento Kings wasted the best point guard of his era. Chris Webber deserved better.,hot_take
LeBron's PER in elimination games is 28.4 vs Jordan's 27.9. The clutch narrative doesn't hold up statistically.,analysis
My jaw is on the floor. That might be the greatest play I've ever seen live.,reaction
Dame Lillard will win a ring with the Bucks. It's only a matter of time.,hot_take
"Anthony Davis is a generational waste of talent. Soft, injury-prone, never wants it enough.",hot_take
Bradley Beal signed the worst contract in NBA history and it will haunt the Suns for a decade.,hot_take
The NBA should eliminate the draft lottery. It rewards losing and creates bad incentives.,hot_take
"Charlotte's development system is producing measurable results — LaMelo's 3P% has improved each of his 4 seasons, from 33% to 38.1%.",analysis
Melo should have a statue outside Madison Square Garden. He gave everything to that city.,hot_take
The Golden State Warriors are the best franchise of the last 20 years. It's not debatable.,hot_take
Steph Curry's pull-up 3 accuracy (41.7%) is 6 points higher than the second-best pull-up 3 shooter in the league. The gap is not small.,analysis
The Phoenix Suns have the worst front office in sports. Every decision they make is wrong.,hot_take
"James Harden's off-ball scoring (catch-and-shoot) this season is 61.2 TS% — proof that when he's not the primary ball handler, he's still elite.",analysis
That sequence just made up for the last 3 years of suffering. FINALLY.,reaction
The NBA is too soft now. They need to bring back hand-checking and let players play physical.,hot_take
I screamed so loud my dog hid under the bed. Sorry king.,reaction
Tyrese Haliburton's assist opportunities (passes that lead to shots) rank 1st in the league. His assists number understates his playmaking.,analysis
"Sabonis's double-double streak is not a vanity stat — his rebounding directly correlates with Sacramento's transition offense rate, which ranks 3rd.",analysis
The Warriors winning with defense in 2022 vs offense in 2015 reflects how their roster aged — Klay and Draymond as older players are more valuable defensively.,analysis
Luka's playmaking impact on teammate FG% is +4.1 percentage points — meaning his teammates shoot significantly better with him on the floor than off.,analysis
Phoenix's half-court offense ranks 18th despite top-10 talent. The problem is play design — they rank 29th in off-ball screens generated per game.,analysis
"The Spurs are 19th in offensive rating but 1st in pace. If you adjust for pace, their efficiency is actually 23rd — the fast play is masking bad offense.",analysis
The Warriors' defensive rating drops 8.2 points when Draymond sits — that's the difference between top-5 and bottom-10 defense.,analysis
Cade Cunningham is going to be a top-10 player in 5 years and Detroit is going to be a powerhouse.,hot_take
Ok I'm a believer. I wasn't before. I am now.,reaction
The Charlotte Hornets should move to a real NBA city. Nobody in Charlotte cares about basketball.,hot_take
Atlanta's defense has improved 7 points in defensive rating since Dejounte Murray returned. The sample is small (14 games) but the magnitude is hard to dismiss.,analysis
"Historically, teams with top-5 defenses win 73% of playoff series vs teams ranked 6-15. Offense gets the highlights; defense wins championships.",analysis
Karl Malone deserved at least one championship. He was robbed by Jordan twice.,hot_take
The bench reaction on that shot 😭😭😭 they knew.,reaction
"Detroit's lottery odds math: with current standings, they project to have a 52.1% chance at a top-4 pick. Tanking is rational given their roster ceiling.",analysis
I'm not going to work tomorrow. I simply cannot function after that.,reaction
"The Lakers' 4th quarter problems are structural — they have the 2nd lowest 4th quarter pace in the league, which favors opponents who are already ahead.",analysis
The Thunder have 4 players in the top 50 for EPM this season. That hasn't happened for a sub-30 team since the 2013 Pacers.,analysis
That's an all-timer. That clip is going to be everywhere tomorrow.,reaction
That's it. Season over. Trade everyone. Burn it down. Start fresh.,reaction
The NBA's international pipeline is the most underrated story in sports right now.,hot_take
This team is cooked. I'm done. I can't watch this anymore.,reaction
Ok new phone who dis because I do not know these players anymore after that performance.,reaction
Luka Doncic is soft. He whines to refs instead of toughening up and taking over.,hot_take
Ja Morant would be untouchable if he had Steph's work ethic. Pure talent wasted.,hot_take
The NBA refs are completely rigged. They decide who wins before the game starts.,hot_take
Giannis should leave Milwaukee. He's too good for that market and that roster.,hot_take
"Cade Cunningham's isolation PPP of 0.94 ranks 12th in the league among players with 200+ isolation possessions. For a 22-year-old, that's historically rare.",analysis
Jokic is only a superstar because the league is weak. In the 90s he would be an average starter.,hot_take
Patrick Beverley is the most annoying player in the league and he deserves way more hate.,hot_take
Wembanyama's block rate in his rookie season (5.7%) exceeds Mutombo's rookie year. No player has posted that rate while also averaging 20+.,analysis
The Suns collapse correlates exactly with their defensive rebounding rate dropping from 76% to 68% — every 1% drop in DRB is roughly 2 extra opponent possessions per game.,analysis
I cannot explain what I just watched but it made me feel things.,reaction
PUT SOME RESPECT ON HIS NAME. Right now. I'll wait.,reaction
The Celtics ownership group is the best in sports. Everything they do turns to gold.,hot_take
LET'S GOOOOO LAKERS. THIS IS THEIR YEAR I CAN FEEL IT.,reaction
The NBA All-Star game is completely pointless. They should just cancel it.,hot_take
The moment he hit that shot I knew. I KNEW. The whole building knew.,reaction
The Raptors are 8th in second chance points allowed — their rebounding discipline is the one bright spot on an otherwise struggling team.,analysis
Steph Curry is the most important player in NBA history. He literally changed how basketball is played at every level.,hot_take
The NBA needs a hard salary cap. The soft cap just lets rich owners buy titles.,hot_take
Nikola Jokic is going to win 5 MVPs before he's done. They'll have to rename the award.,hot_take
Ben Simmons will never be good. He's done. The yips got him and they're not going away.,hot_take
That might be the dumbest foul call I've witnessed with my own two eyes.,reaction
He cooked. He absolutely cooked. There is no other word for it.,reaction
"The 76ers' spacing problem is measurable: without a true floor spacer at PF, their half-court PPP drops from 1.08 to 0.97.",analysis
The Celtics are going to repeat this year. Nobody in the East can stop them.,hot_take
WAKE UP IT'S GAME NIGHT BABYYY LET'S RUN IT BACK.,reaction
I don't know how to feel. I need a minute. Maybe a day.,reaction
That was the worst call I've ever seen in my life. The refs are an embarrassment.,reaction
That's the loudest I've screamed in my apartment since the 2016 Finals.,reaction
The Warriors dynasty ruined basketball. Everyone copying their style made the league boring.,hot_take
Shai Gilgeous-Alexander is going to be MVP 3 times. He's the best two-way guard in the league.,hot_take
My dad texted me in all caps. He never texts in caps. We are HYPE.,reaction
Bam Adebayo is the most underrated player in the league by a mile.,hot_take
Fourth quarter time. Do not talk to me. Do not text me. I am locked in.,reaction
I've never been more stressed watching a basketball game in my life.,reaction
"Brook Lopez's rim protection (opponents shoot 52.1% at the rim vs his team, compared to 63.1% without him) is the underrated reason Milwaukee competes defensively.",analysis
